,year,month,day,departure time,scheduled departure time,departure delay,arrival time,scheduled arrival time,arrival delay,carrier,flight,tailnum,origin,dest,air time,distance
169305,2013,4,5,957.0,morning,102.0,1255.0,1119,96.0,B6,181,N805JB,JFK,SAN,324.0,2446
105274,2013,12,25,702.0,morning,3.0,918.0,941,-23.0,DL,1547,N351NW,LGA,ATL,117.0,762
325467,2013,9,18,1754.0,evening,-6.0,2031.0,2103,-32.0,B6,263,N661JB,JFK,SEA,316.0,2422
127127,2013,2,19,726.0,morning,-4.0,1053.0,1036,17.0,B6,201,N506JB,JFK,FLL,156.0,1069
144293,2013,3,9,1646.0,afternoon,-6.0,1900.0,1920,-20.0,DL,1715,N319US,LGA,MSY,158.0,1183
266473,2013,7,18,644.0,morning,-1.0,749.0,752,-3.0,B6,318,N298JB,JFK,BOS,39.0,187
317851,2013,9,10,1523.0,afternoon,18.0,1753.0,1753,0.0,UA,316,N515UA,EWR,TPA,130.0,997
217427,2013,5,27,701.0,morning,1.0,903.0,928,-25.0,DL,1547,N940DL,LGA,ATL,104.0,762
61977,2013,11,7,1559.0,afternoon,0.0,1733.0,1746,-13.0,B6,1105,N323JB,JFK,ORD,122.0,740
92263,2013,12,10,2146.0,evening,17.0,100.0,32,28.0,UA,1416,N17244,EWR,IAH,236.0,1400
278048,2013,7,30,759.0,morning,-1.0,1021.0,1021,0.0,B6,677,N193JB,JFK,JAX,108.0,828
235128,2013,6,14,1854.0,evening,-6.0,2347.0,2249,58.0,DL,1465,N705TW,JFK,SFO,369.0,2586
162525,2013,3,29,653.0,morning,-7.0,801.0,837,-36.0,UA,664,N403UA,EWR,ORD,109.0,719
206402,2013,5,14,2233.0,evening,-12.0,2341.0,2,-21.0,B6,608,N328JB,JFK,PWM,46.0,273
121498,2013,2,12,1853.0,evening,-7.0,2218.0,2301,-43.0,DL,1465,N727TW,JFK,SFO,346.0,2586
252039,2013,7,2,1630.0,afternoon,5.0,1840.0,1805,35.0,DL,402,N328NB,JFK,BOS,36.0,187
59235,2013,11,4,1806.0,evening,6.0,2034.0,2037,-3.0,DL,926,N990AT,EWR,ATL,112.0,746
213677,2013,5,22,1814.0,evening,14.0,2150.0,2115,35.0,DL,17,N195DN,JFK,LAX,331.0,2475
323381,2013,9,16,1544.0,afternoon,-1.0,1755.0,1805,-10.0,DL,1942,N330NW,EWR,ATL,105.0,746
127981,2013,2,20,601.0,morning,1.0,916.0,920,-4.0,UA,1491,N29124,JFK,LAX,345.0,2475
193391,2013,4,30,2128.0,evening,-2.0,2246.0,2303,-17.0,B6,104,N178JB,JFK,BUF,53.0,301
99779,2013,12,18,2111.0,evening,26.0,2349.0,2346,3.0,UA,471,N819UA,EWR,TPA,136.0,997
139694,2013,3,4,1906.0,evening,-4.0,2221.0,2228,-7.0,B6,87,N556JB,JFK,SLC,280.0,1990
259255,2013,7,10,1637.0,afternoon,54.0,2157.0,1909,168.0,DL,31,N382DA,JFK,SLC,298.0,1990
132485,2013,2,25,614.0,morning,-6.0,738.0,757,-19.0,B6,905,N304JB,JFK,ORD,127.0,740
279877,2013,8,1,22.0,evening,156.0,255.0,30,145.0,B6,1183,N589JB,JFK,MCO,127.0,944
29472,2013,10,3,1445.0,afternoon,0.0,1757.0,1750,7.0,B6,1171,N559JB,LGA,FLL,149.0,1076
184055,2013,4,21,707.0,morning,-3.0,959.0,1002,-3.0,UA,1117,N37281,EWR,TPA,152.0,997
87027,2013,12,4,2053.0,evening,-6.0,2231.0,2244,-13.0,B6,105,N216JB,JFK,ORD,128.0,740
85124,2013,12,2,2143.0,evening,-2.0,29.0,33,-4.0,B6,705,N307JB,EWR,FLL,145.0,1065
92031,2013,12,10,1643.0,afternoon,103.0,1956.0,1806,110.0,DL,2181,N931DL,LGA,MCO,155.0,950
107776,2013,12,27,2036.0,evening,7.0,2340.0,2324,16.0,B6,153,N621JB,JFK,PBI,145.0,1028
88268,2013,12,6,859.0,morning,60.0,1128.0,1037,51.0,DL,2047,N649DL,LGA,ATL,111.0,762
91826,2013,12,10,1113.0,morning,73.0,1450.0,1307,103.0,UA,1183,N76529,EWR,RSW,173.0,1068
311993,2013,9,4,821.0,morning,-9.0,1011.0,1030,-19.0,DL,2119,N310NW,LGA,MSP,138.0,1020
50235,2013,10,25,1821.0,evening,-9.0,2134.0,2157,-23.0,UA,389,N546UA,JFK,SFO,346.0,2586
113186,2013,2,3,1229.0,afternoon,19.0,1330.0,1323,7.0,B6,42,N190JB,JFK,SYR,46.0,209
322040,2013,9,15,907.0,morning,7.0,1132.0,1145,-13.0,UA,578,N491UA,EWR,LAS,307.0,2227
2286,2013,1,3,1503.0,afternoon,162.0,1803.0,1555,128.0,UA,551,N835UA,EWR,SFO,320.0,2565
246973,2013,6,27,849.0,morning,-1.0,1222.0,1251,-29.0,DL,301,N3758Y,JFK,SJU,190.0,1598
302410,2013,8,24,1440.0,afternoon,-1.0,1723.0,1752,-29.0,DL,1779,N330NW,LGA,FLL,142.0,1076
125909,2013,2,17,1916.0,evening,2.0,2241.0,2226,15.0,UA,1175,N37422,EWR,SEA,339.0,2402
189851,2013,4,27,642.0,morning,2.0,845.0,914,-29.0,UA,848,N482UA,EWR,PHX,281.0,2133
67137,2013,11,13,841.0,morning,-4.0,1143.0,1211,-28.0,UA,1581,N38459,EWR,SEA,329.0,2402
278217,2013,7,30,1056.0,morning,-9.0,1308.0,1314,-6.0,DL,1031,N326NB,LGA,DTW,87.0,502
129207,2013,2,21,1040.0,morning,0.0,1344.0,1338,6.0,UA,65,N34455,EWR,SAN,349.0,2425
334510,2013,9,28,1248.0,afternoon,3.0,1534.0,1600,-26.0,UA,1663,N75432,EWR,SFO,326.0,2565
96623,2013,12,15,1716.0,afternoon,4.0,1959.0,2017,-18.0,UA,491,N854UA,EWR,DFW,204.0,1372
196072,2013,5,3,1743.0,afternoon,-2.0,1936.0,2021,-45.0,DL,884,N352NW,LGA,DEN,206.0,1620
312680,2013,9,4,2005.0,evening,-10.0,2119.0,2144,-25.0,B6,702,N266JB,JFK,BUF,55.0,301
322844,2013,9,16,654.0,morning,-6.0,936.0,945,-9.0,DL,2285,N338NB,LGA,MCO,127.0,950
273184,2013,7,25,621.0,morning,-9.0,922.0,923,-1.0,UA,712,N502UA,JFK,LAX,314.0,2475
156094,2013,3,22,842.0,morning,-3.0,1141.0,1153,-12.0,UA,1296,N76288,EWR,PBI,154.0,1023
2184,2013,1,3,1306.0,afternoon,4.0,1358.0,1412,-14.0,UA,1140,N18220,EWR,BOS,35.0,200
127725,2013,2,19,1817.0,afternoon,82.0,2208.0,2029,99.0,DL,706,N334NB,JFK,AUS,229.0,1521
46703,2013,10,22,811.0,morning,1.0,1102.0,1108,-6.0,DL,857,N376DA,JFK,SAN,327.0,2446
120543,2013,2,11,2003.0,afternoon,125.0,2124.0,1936,108.0,UA,1139,N77295,EWR,ORD,119.0,719
65630,2013,11,11,1626.0,afternoon,-4.0,1902.0,1923,-21.0,UA,1593,N37255,EWR,MCO,136.0,937
61055,2013,11,6,1614.0,afternoon,-6.0,1825.0,1835,-10.0,DL,1619,N912DL,LGA,MSP,162.0,1020
18137,2013,1,21,2011.0,evening,6.0,2307.0,2311,-4.0,UA,754,N807UA,EWR,TPA,155.0,997
135058,2013,2,27,1858.0,evening,-2.0,2221.0,2238,-17.0,DL,87,N721TW,JFK,LAX,328.0,2475
268872,2013,7,20,1514.0,afternoon,6.0,1621.0,1622,-1.0,UA,1425,N14230,EWR,BOS,48.0,200
86791,2013,12,4,1703.0,afternoon,-7.0,2029.0,2021,8.0,DL,1519,N3772H,EWR,SLC,303.0,1969
21408,2013,1,25,1430.0,afternoon,15.0,1721.0,1724,-3.0,B6,377,N630JB,LGA,FLL,154.0,1076
228266,2013,6,7,1455.0,afternoon,0.0,1714.0,1752,-38.0,UA,439,N832UA,EWR,SAN,305.0,2425
257428,2013,7,8,1945.0,evening,65.0,2329.0,2149,100.0,UA,1684,N28457,EWR,MIA,149.0,1085
1648,2013,1,2,1924.0,evening,-5.0,2255.0,2242,13.0,DL,1435,N997DL,LGA,TPA,155.0,1010
125636,2013,2,17,1452.0,afternoon,-1.0,1739.0,1813,-34.0,UA,1134,N76514,EWR,AUS,209.0,1504
103497,2013,12,23,540.0,morning,25.0,829.0,814,15.0,UA,1102,N38454,EWR,IAH,214.0,1400
63665,2013,11,9,1150.0,morning,5.0,1432.0,1433,-1.0,UA,1224,N12125,EWR,MCO,135.0,937
150567,2013,3,16,1043.0,morning,-2.0,1322.0,1331,-9.0,B6,545,N807JB,EWR,PBI,139.0,1023
283487,2013,8,4,1956.0,evening,26.0,2203.0,2215,-12.0,DL,2041,N349NW,JFK,ATL,100.0,760
196832,2013,5,4,1603.0,afternoon,-7.0,1837.0,1911,-34.0,B6,369,N526JB,LGA,PBI,138.0,1035
160767,2013,3,27,958.0,morning,-2.0,1225.0,1234,-9.0,DL,1847,N378DA,LGA,ATL,107.0,762
106768,2013,12,26,1954.0,evening,39.0,2254.0,2302,-8.0,DL,2481,N3736C,JFK,PHX,281.0,2153
99847,2013,12,19,601.0,morning,1.0,1001.0,937,24.0,UA,303,N590UA,JFK,SFO,390.0,2586
135088,2013,2,27,1934.0,evening,49.0,2121.0,2058,23.0,DL,2131,N971DL,LGA,DTW,80.0,502
300830,2013,8,22,2026.0,evening,5.0,2154.0,2200,-6.0,UA,1464,N27724,EWR,CLE,61.0,404
283566,2013,8,4,2140.0,evening,55.0,37.0,2344,53.0,UA,490,N530UA,EWR,PDX,339.0,2434
98040,2013,12,17,735.0,morning,45.0,948.0,916,32.0,UA,1643,N26208,EWR,DEN,224.0,1605
327223,2013,9,20,1452.0,afternoon,-3.0,1658.0,1718,-20.0,B6,575,N324JB,JFK,MSY,151.0,1182
184932,2013,4,22,553.0,morning,-7.0,907.0,852,15.0,B6,371,N729JB,LGA,FLL,176.0,1076
321539,2013,9,14,1340.0,afternoon,-8.0,1623.0,1657,-34.0,DL,1779,N369NB,LGA,FLL,145.0,1076
24611,2013,1,29,1117.0,morning,-4.0,1340.0,1347,-7.0,UA,63,N87531,EWR,DEN,244.0,1605
108465,2013,12,28,1738.0,afternoon,18.0,2012.0,1956,16.0,UA,1064,N33289,EWR,DEN,242.0,1605
260781,2013,7,12,725.0,morning,1.0,1013.0,1003,10.0,UA,1592,N38417,EWR,MCO,141.0,937
246178,2013,6,26,1318.0,afternoon,78.0,1627.0,1507,80.0,UA,580,N560UA,JFK,SFO,337.0,2586
328588,2013,9,22,1000.0,morning,-5.0,1145.0,1214,-29.0,DL,2319,N909DE,LGA,MSP,146.0,1020
113911,2013,2,4,834.0,morning,-6.0,1137.0,1204,-27.0,UA,112,N12109,JFK,LAX,336.0,2475
47681,2013,10,23,821.0,morning,-4.0,1114.0,1115,-1.0,B6,281,N329JB,JFK,HOU,214.0,1428
117741,2013,2,8,1300.0,afternoon,5.0,1617.0,1605,12.0,UA,1612,N17730,EWR,DFW,204.0,1372
132786,2013,2,25,1123.0,morning,1.0,1437.0,1420,17.0,UA,1143,N37267,EWR,PBI,173.0,1023
176943,2013,4,13,1302.0,afternoon,3.0,1602.0,1557,5.0,UA,815,N463UA,LGA,IAH,209.0,1416
327152,2013,9,20,1339.0,afternoon,9.0,1610.0,1612,-2.0,B6,927,N775JB,EWR,MCO,116.0,937
220795,2013,5,30,1514.0,afternoon,4.0,1814.0,1825,-11.0,UA,1243,N34455,EWR,SFO,340.0,2565
235295,2013,6,14,2221.0,evening,176.0,58.0,2243,135.0,DL,2139,N989DL,LGA,MIA,129.0,1096
302179,2013,8,24,909.0,morning,9.0,1209.0,1206,3.0,B6,5,N607JB,EWR,FLL,146.0,1065
277769,2013,7,29,2048.0,evening,81.0,2336.0,2245,51.0,UA,331,N847UA,EWR,PDX,328.0,2434
24403,2013,1,29,735.0,morning,-5.0,1004.0,1045,-41.0,UA,1179,N37277,EWR,TPA,138.0,997
255125,2013,7,6,927.0,morning,-3.0,1033.0,1039,-6.0,B6,116,N346JB,JFK,SYR,43.0,209
156332,2013,3,22,1337.0,morning,112.0,1643.0,1451,112.0,DL,1174,N338NW,LGA,PBI,144.0,1035
42464,2013,10,17,1424.0,afternoon,-4.0,1703.0,1654,9.0,B6,477,N229JB,JFK,JAX,124.0,828
281028,2013,8,2,756.0,morning,-4.0,1051.0,1104,-13.0,DL,2190,N335NW,JFK,MIA,146.0,1089
162638,2013,3,29,834.0,morning,24.0,1143.0,1131,12.0,DL,2143,N910DE,JFK,MIA,148.0,1089
176688,2013,4,13,729.0,morning,-1.0,1141.0,1131,10.0,B6,215,N537JB,EWR,SJU,234.0,1608
203135,2013,5,11,1122.0,morning,12.0,1359.0,1355,4.0,DL,695,N328NW,JFK,MCO,135.0,944
282470,2013,8,3,1715.0,afternoon,0.0,2057.0,2040,17.0,UA,387,N505UA,JFK,SFO,350.0,2586
330791,2013,9,24,1449.0,afternoon,-10.0,1734.0,1734,0.0,DL,2347,N951DL,LGA,ATL,110.0,762
74543,2013,11,21,725.0,morning,-5.0,1202.0,1220,-18.0,B6,1289,N534JB,EWR,SJU,195.0,1608
84637,2013,12,2,1349.0,afternoon,-11.0,1625.0,1646,-21.0,B6,927,N594JB,EWR,MCO,137.0,937
109740,2013,12,30,825.0,morning,5.0,1118.0,1116,2.0,B6,1783,N632JB,JFK,MCO,147.0,944
128279,2013,2,20,1102.0,morning,17.0,1341.0,1331,10.0,B6,545,N715JB,EWR,PBI,141.0,1023
91666,2013,12,10,742.0,morning,-3.0,1044.0,1015,29.0,DL,807,N979AT,EWR,ATL,124.0,746
243506,2013,6,23,1804.0,afternoon,59.0,2022.0,1849,93.0,UA,1061,N73259,LGA,ORD,109.0,733
226469,2013,6,5,1636.0,afternoon,4.0,1925.0,1956,-31.0,B6,675,N652JB,JFK,LAX,320.0,2475
8587,2013,1,10,1724.0,afternoon,-5.0,2029.0,2046,-17.0,DL,1185,N3740C,EWR,SLC,281.0,1969
192968,2013,4,30,1449.0,afternoon,84.0,1718.0,1626,52.0,UA,1054,N19141,EWR,LAX,305.0,2454
297838,2013,8,19,1845.0,evening,45.0,2123.0,2039,44.0,DL,61,N651DL,LGA,ATL,136.0,762
205660,2013,5,14,829.0,morning,-6.0,1112.0,1122,-10.0,UA,1436,N76505,EWR,MCO,122.0,937
67921,2013,11,14,555.0,morning,-5.0,741.0,756,-15.0,DL,1517,N347NB,EWR,DTW,82.0,488
125838,2013,2,17,1757.0,evening,-3.0,2107.0,2118,-11.0,UA,1574,N54711,EWR,FLL,148.0,1065
152051,2013,3,18,610.0,morning,0.0,842.0,855,-13.0,UA,511,N548UA,EWR,LAS,311.0,2227
35587,2013,10,10,727.0,morning,-3.0,1124.0,1124,0.0,B6,1289,N662JB,EWR,SJU,211.0,1608
322123,2013,9,15,1100.0,morning,-5.0,1357.0,1420,-23.0,DL,2098,N351NW,LGA,MIA,149.0,1096
113505,2013,2,3,1757.0,evening,-7.0,2045.0,2110,-25.0,UA,709,N456UA,EWR,DFW,200.0,1372
203286,2013,5,11,1456.0,afternoon,-4.0,1732.0,1732,0.0,DL,2347,N674DL,LGA,ATL,133.0,762
108560,2013,12,28,1936.0,evening,14.0,5.0,18,-13.0,DL,448,N37700,JFK,SJU,179.0,1598
218256,2013,5,27,2148.0,evening,-7.0,2341.0,23,-42.0,UA,1548,N68453,EWR,MSY,152.0,1167
65203,2013,11,11,855.0,morning,-10.0,1001.0,1024,-23.0,B6,208,N309JB,JFK,PWM,49.0,273
14308,2013,1,17,1039.0,morning,0.0,1337.0,1330,7.0,B6,31,N556JB,JFK,MCO,148.0,944
327654,2013,9,20,2244.0,evening,-1.0,2354.0,2353,1.0,B6,234,N229JB,JFK,BTV,46.0,266
214117,2013,5,23,818.0,morning,-2.0,1118.0,1110,8.0,DL,1959,N942DL,JFK,MCO,131.0,944
276498,2013,7,28,1549.0,afternoon,7.0,1836.0,1755,41.0,UA,1107,N81449,EWR,DEN,234.0,1605
59369,2013,11,4,2015.0,evening,-7.0,2146.0,2200,-14.0,UA,1464,N78511,EWR,CLE,65.0,404
134353,2013,2,27,554.0,morning,-6.0,733.0,759,-26.0,DL,731,N353NW,LGA,DTW,78.0,502
214424,2013,5,23,1559.0,afternoon,89.0,1856.0,1601,175.0,UA,1608,N37252,EWR,ORD,107.0,719
280712,2013,8,1,2055.0,evening,55.0,2214.0,2129,45.0,B6,418,N193JB,JFK,BOS,41.0,187
76732,2013,11,23,1152.0,morning,-3.0,1439.0,1425,14.0,UA,406,N836UA,EWR,DEN,246.0,1605
253643,2013,7,4,1130.0,morning,-5.0,1315.0,1339,-24.0,DL,2219,N331NW,LGA,MSP,134.0,1020
164748,2013,3,31,1628.0,afternoon,58.0,2004.0,1922,42.0,DL,1565,N705TW,JFK,SFO,365.0,2586
62803,2013,11,8,1250.0,afternoon,1.0,1607.0,1610,-3.0,UA,394,N580UA,EWR,SFO,358.0,2565
53414,2013,10,29,1153.0,afternoon,-7.0,1453.0,1444,9.0,B6,1711,N571JB,JFK,LAS,340.0,2248
46810,2013,10,22,947.0,morning,-4.0,1203.0,1207,-4.0,UA,256,N472UA,EWR,DEN,223.0,1605
204014,2013,5,12,1429.0,afternoon,14.0,1637.0,1619,18.0,B6,1275,N328JB,JFK,CHS,103.0,636
222857,2013,6,1,1847.0,evening,-2.0,2126.0,2140,-14.0,UA,395,N579UA,EWR,IAH,190.0,1400
330059,2013,9,23,1822.0,evening,2.0,2106.0,2124,-18.0,B6,1013,N634JB,JFK,LGB,323.0,2465
285264,2013,8,6,1632.0,afternoon,-3.0,1917.0,1938,-21.0,B6,89,N594JB,JFK,SAN,316.0,2446
333999,2013,9,27,1827.0,evening,-3.0,2049.0,2122,-33.0,B6,153,N715JB,JFK,PBI,121.0,1028
242123,2013,6,22,739.0,morning,-6.0,939.0,1000,-21.0,DL,807,N355NB,EWR,ATL,99.0,746
1173,2013,1,2,1111.0,morning,12.0,1437.0,1420,17.0,DL,2071,N370NW,LGA,MIA,167.0,1096
27007,2013,10,1,539.0,morning,-6.0,801.0,827,-26.0,UA,1714,N37252,LGA,IAH,172.0,1416
114050,2013,2,4,1121.0,morning,7.0,1343.0,1345,-2.0,UA,1403,N33203,LGA,DEN,243.0,1620
249276,2013,6,29,1702.0,afternoon,2.0,1951.0,1937,14.0,DL,1499,N999DN,LGA,ATL,118.0,762
110438,2013,12,30,2042.0,evening,2.0,2353.0,2359,-6.0,B6,523,N784JB,JFK,LAX,344.0,2475
215369,2013,5,24,1402.0,afternoon,3.0,1707.0,1714,-7.0,UA,1570,N79521,EWR,SFO,344.0,2565
160299,2013,3,26,1848.0,evening,-7.0,2136.0,2206,-30.0,DL,2391,N914DE,JFK,TPA,144.0,1005
140098,2013,3,5,907.0,morning,7.0,1118.0,1116,2.0,DL,181,N391DA,LGA,DTW,92.0,502
155556,2013,3,21,1658.0,afternoon,-2.0,2101.0,2110,-9.0,DL,329,N3758Y,JFK,SJU,198.0,1598
56087,2013,11,1,827.0,morning,-3.0,1132.0,1122,10.0,UA,443,N502UA,JFK,LAX,330.0,2475
321433,2013,9,14,1053.0,morning,-7.0,1159.0,1222,-23.0,UA,1595,N14704,EWR,ORD,107.0,719
159092,2013,3,25,1611.0,afternoon,-3.0,1733.0,1749,-16.0,UA,1492,N24702,EWR,ORD,112.0,719
253141,2013,7,3,1852.0,evening,22.0,2147.0,2140,7.0,B6,305,N636JB,EWR,FLL,140.0,1065
45767,2013,10,21,842.0,morning,-3.0,1126.0,1134,-8.0,UA,226,N577UA,EWR,SAN,313.0,2425
59437,2013,11,4,2246.0,evening,-9.0,2346.0,2356,-10.0,B6,718,N353JB,JFK,BOS,33.0,187
274782,2013,7,26,1634.0,afternoon,-1.0,1912.0,1938,-26.0,B6,89,N527JB,JFK,SAN,319.0,2446
124478,2013,2,16,549.0,morning,-11.0,949.0,901,48.0,B6,371,N534JB,LGA,FLL,195.0,1076
128268,2013,2,20,1054.0,morning,-5.0,1311.0,1337,-26.0,DL,1647,N603DL,LGA,ATL,112.0,762
334191,2013,9,28,544.0,morning,-1.0,759.0,828,-29.0,UA,1714,N24706,LGA,IAH,171.0,1416
130980,2013,2,23,839.0,morning,12.0,1313.0,1316,-3.0,B6,403,N524JB,JFK,SJU,185.0,1598
2399,2013,1,3,1657.0,afternoon,-3.0,1952.0,2014,-22.0,B6,15,N192JB,JFK,FLL,163.0,1069
227643,2013,6,6,1944.0,evening,59.0,2216.0,2205,11.0,UA,1152,N35407,EWR,PDX,310.0,2434
227986,2013,6,7,856.0,morning,-10.0,1216.0,1239,-23.0,B6,641,N613JB,JFK,SFO,328.0,2586
174635,2013,4,11,557.0,morning,-3.0,856.0,903,-7.0,UA,987,N844UA,EWR,LAX,337.0,2454
248915,2013,6,29,908.0,morning,43.0,1234.0,1144,50.0,UA,397,N502UA,JFK,SFO,323.0,2586
110613,2013,12,31,723.0,morning,3.0,958.0,1029,-31.0,UA,404,N447UA,LGA,IAH,198.0,1416
83024,2013,11,30,1911.0,evening,6.0,2054.0,2106,-12.0,DL,1473,N317NB,LGA,MEM,144.0,963
102187,2013,12,21,1403.0,afternoon,33.0,1652.0,1633,19.0,UA,1420,N68801,EWR,MIA,155.0,1085
239060,2013,6,19,558.0,morning,-2.0,859.0,905,-6.0,UA,684,N838UA,EWR,LAX,324.0,2454
78690,2013,11,25,1628.0,afternoon,-1.0,1858.0,1926,-28.0,B6,283,N597JB,JFK,MCO,132.0,944
152174,2013,3,18,806.0,morning,-4.0,1127.0,1124,3.0,DL,2070,N336NB,LGA,RSW,165.0,1080
324127,2013,9,17,1150.0,afternoon,-10.0,1453.0,1454,-1.0,DL,863,N709TW,JFK,LAX,322.0,2475
299774,2013,8,21,1757.0,afternoon,-2.0,2054.0,2020,34.0,UA,509,N424UA,LGA,DEN,234.0,1620
254022,2013,7,4,2003.0,evening,123.0,2251.0,2102,109.0,B6,359,N595JB,JFK,BUR,313.0,2465
219515,2013,5,29,929.0,morning,-1.0,1030.0,1042,-12.0,B6,42,N281JB,JFK,SYR,42.0,209
169119,2013,4,5,706.0,morning,11.0,919.0,912,7.0,B6,117,N229JB,JFK,MSY,166.0,1182
240286,2013,6,20,925.0,morning,-10.0,1221.0,1237,-16.0,B6,271,N561JB,LGA,FLL,157.0,1076
156713,2013,3,22,1931.0,evening,2.0,2225.0,2247,-22.0,DL,1433,N366NB,LGA,RSW,152.0,1080
181811,2013,4,18,1556.0,afternoon,-3.0,1813.0,1837,-24.0,DL,847,N687DL,LGA,ATL,108.0,762
150453,2013,3,16,825.0,morning,-4.0,1102.0,1134,-32.0,UA,722,N462UA,EWR,MCO,137.0,937
40118,2013,10,15,708.0,morning,-12.0,952.0,1000,-8.0,UA,261,N533UA,LGA,IAH,189.0,1416
226653,2013,6,5,1923.0,evening,-7.0,2040.0,2117,-37.0,DL,975,N330NB,LGA,PIT,59.0,335
66672,2013,11,12,1730.0,afternoon,0.0,1926.0,1914,12.0,B6,1185,N329JB,JFK,RDU,87.0,427
301769,2013,8,23,1816.0,afternoon,28.0,2139.0,2125,14.0,UA,1141,N37456,EWR,SFO,330.0,2565
159267,2013,3,25,1914.0,evening,4.0,2224.0,2231,-7.0,DL,83,N3769L,JFK,FLL,160.0,1069
275707,2013,7,27,1656.0,afternoon,-4.0,1921.0,1937,-16.0,DL,1499,N974DL,LGA,ATL,113.0,762
332362,2013,9,26,802.0,morning,-8.0,1007.0,1023,-16.0,DL,2457,N338NB,LGA,MSY,154.0,1183
161067,2013,3,27,1544.0,afternoon,-1.0,1803.0,1824,-21.0,DL,95,N37700,JFK,ATL,110.0,760
23986,2013,1,28,1726.0,afternoon,-1.0,2037.0,2049,-12.0,UA,1593,N73278,EWR,PDX,348.0,2434
265363,2013,7,16,2140.0,evening,39.0,128.0,100,28.0,B6,1103,N638JB,JFK,SJU,193.0,1598
330954,2013,9,24,1659.0,afternoon,-1.0,1948.0,2008,-20.0,DL,1394,N3756,JFK,PDX,320.0,2454
19540,2013,1,23,1337.0,afternoon,-4.0,1938.0,1935,3.0,UA,15,N76064,EWR,HNL,639.0,4963
81648,2013,11,29,556.0,morning,-4.0,812.0,825,-13.0,DL,1377,N390DA,LGA,ATL,111.0,762
45152,2013,10,20,1524.0,afternoon,4.0,1821.0,1818,3.0,UA,1600,N19141,EWR,LAX,330.0,2454
124244,2013,2,15,1755.0,afternoon,-4.0,2034.0,2042,-8.0,DL,1047,N661DN,LGA,ATL,126.0,762
29728,2013,10,3,1821.0,afternoon,22.0,2032.0,2000,32.0,DL,1321,N369NW,EWR,MSP,162.0,1008
89650,2013,12,7,1934.0,evening,4.0,2304.0,2253,11.0,DL,414,N383DN,JFK,SLC,309.0,1990
292928,2013,8,14,1537.0,afternoon,-3.0,1904.0,1858,6.0,UA,257,N557UA,JFK,SFO,339.0,2586
306679,2013,8,29,706.0,morning,-4.0,923.0,957,-34.0,UA,478,N403UA,EWR,MCO,119.0,937
163649,2013,3,30,956.0,morning,-5.0,1212.0,1232,-20.0,DL,2006,N320US,LGA,MSY,159.0,1183
286543,2013,8,7,2104.0,evening,10.0,2344.0,2354,-10.0,UA,1682,N38451,EWR,FLL,141.0,1065
137033,2013,3,1,1911.0,evening,1.0,2201.0,2228,-27.0,B6,87,N703JB,JFK,SLC,263.0,1990
315772,2013,9,8,1330.0,afternoon,0.0,1549.0,1612,-23.0,B6,927,N607JB,EWR,MCO,121.0,937
277755,2013,7,29,2022.0,evening,-3.0,2322.0,2324,-2.0,UA,771,N525UA,JFK,LAX,323.0,2475
307045,2013,8,29,1342.0,afternoon,27.0,1615.0,1558,17.0,B6,553,N504JB,JFK,PBI,133.0,1028
195253,2013,5,2,1958.0,evening,27.0,2239.0,2305,-26.0,B6,171,N507JB,JFK,SMF,316.0,2521
232649,2013,6,12,928.0,morning,-1.0,1234.0,1241,-7.0,B6,679,N775JB,JFK,LAX,322.0,2475
130308,2013,2,22,1350.0,afternoon,-5.0,1637.0,1634,3.0,DL,1705,N343NW,LGA,MSY,193.0,1183
281130,2013,8,2,927.0,morning,34.0,1311.0,1212,59.0,B6,15,N760JB,JFK,SFO,347.0,2586
334500,2013,9,28,1222.0,afternoon,1.0,1337.0,1328,9.0,B6,34,N309JB,JFK,BTV,49.0,266
234385,2013,6,14,600.0,morning,0.0,805.0,824,-19.0,DL,461,N638DL,LGA,ATL,99.0,762
36314,2013,10,10,1959.0,evening,58.0,2100.0,2040,20.0,UA,693,N497UA,LGA,ORD,101.0,733
202578,2013,5,10,1726.0,afternoon,-4.0,2113.0,2119,-6.0,DL,31,N722TW,JFK,SFO,333.0,2586
25410,2013,1,30,946.0,morning,-4.0,1045.0,1104,-19.0,B6,600,N228JB,JFK,PWM,46.0,273
257329,2013,7,8,1751.0,afternoon,22.0,2159.0,2041,78.0,UA,1266,N37413,EWR,LAX,312.0,2454
277950,2013,7,30,643.0,morning,-2.0,839.0,845,-6.0,B6,675,N231JB,JFK,MSY,155.0,1182
328886,2013,9,22,1537.0,afternoon,-3.0,1944.0,1901,43.0,DL,2280,N915DL,JFK,FLL,153.0,1069
21507,2013,1,25,1558.0,afternoon,3.0,1754.0,1749,5.0,B6,917,N294JB,JFK,ORD,131.0,740
214538,2013,5,23,1859.0,evening,-1.0,2251.0,2159,52.0,DL,2159,N385DN,JFK,MCO,132.0,944
11414,2013,1,14,750.0,morning,-2.0,1107.0,1058,9.0,UA,451,N561UA,EWR,IAH,229.0,1400
324107,2013,9,17,1115.0,morning,0.0,1414.0,1420,-6.0,DL,1875,N364NB,LGA,TPA,136.0,1010
80339,2013,11,27,1129.0,morning,-6.0,1438.0,1439,-1.0,DL,1875,N335NB,LGA,TPA,169.0,1010
140358,2013,3,5,1441.0,afternoon,-3.0,1729.0,1739,-10.0,B6,393,N531JB,LGA,MCO,136.0,950
135483,2013,2,28,842.0,morning,-2.0,1129.0,1155,-26.0,UA,1162,N87527,EWR,SEA,321.0,2402
109058,2013,12,29,1332.0,afternoon,22.0,1700.0,1606,54.0,B6,505,N663JB,EWR,FLL,165.0,1065
124893,2013,2,16,1454.0,afternoon,-11.0,1959.0,2000,-1.0,B6,703,N807JB,JFK,SJU,213.0,1598
101483,2013,12,20,1725.0,afternoon,-5.0,1905.0,1914,-9.0,B6,1185,N309JB,JFK,RDU,76.0,427
212940,2013,5,21,2356.0,evening,-3.0,347.0,345,2.0,B6,701,N562JB,JFK,SJU,204.0,1598
336202,2013,9,30,1233.0,afternoon,4.0,1344.0,1347,-3.0,B6,2502,N193JB,JFK,BUF,51.0,301
249042,2013,6,29,1209.0,morning,10.0,1458.0,1449,9.0,UA,1627,N37434,EWR,PBI,146.0,1023
134949,2013,2,27,1720.0,afternoon,82.0,1823.0,1715,68.0,UA,1116,N76288,EWR,BOS,35.0,200
106961,2013,12,27,653.0,morning,-1.0,852.0,927,-35.0,UA,343,N574UA,LGA,DEN,218.0,1620
200434,2013,5,8,1525.0,afternoon,15.0,1815.0,1825,-10.0,UA,1172,N77431,EWR,SFO,318.0,2565
254321,2013,7,5,1032.0,morning,3.0,1335.0,1320,15.0,B6,1,N662JB,JFK,FLL,167.0,1069
294331,2013,8,15,2337.0,evening,42.0,55.0,19,36.0,B6,2002,N283JB,JFK,BUF,51.0,301
288869,2013,8,10,1025.0,morning,0.0,1303.0,1308,-5.0,B6,925,N659JB,JFK,TPA,139.0,1005
169155,2013,4,5,751.0,morning,-5.0,1110.0,1047,23.0,B6,341,N633JB,JFK,SRQ,171.0,1041
265042,2013,7,16,1615.0,afternoon,20.0,1914.0,1904,10.0,DL,2459,N3742C,JFK,MCO,120.0,944
51264,2013,10,27,804.0,morning,-1.0,1056.0,1123,-27.0,DL,1271,N912DL,JFK,FLL,149.0,1069
41728,2013,10,16,1748.0,afternoon,-7.0,1931.0,1934,-3.0,UA,691,N848UA,LGA,ORD,131.0,733
105551,2013,12,25,1329.0,afternoon,4.0,1632.0,1648,-16.0,UA,1230,N26123,EWR,LAX,330.0,2454
134794,2013,2,27,1441.0,afternoon,71.0,1756.0,1629,87.0,B6,431,N568JB,LGA,SRQ,167.0,1047
230135,2013,6,9,1709.0,afternoon,-6.0,1823.0,1829,-6.0,B6,1176,N187JB,EWR,BOS,44.0,200
106503,2013,12,26,1530.0,afternoon,-5.0,1828.0,1853,-25.0,DL,1935,N916DL,LGA,TPA,152.0,1010
137089,2013,3,1,1957.0,evening,-3.0,2100.0,2143,-43.0,DL,1713,N321US,JFK,BOS,39.0,187
282335,2013,8,3,1505.0,afternoon,-3.0,1614.0,1622,-8.0,UA,1425,N24211,EWR,BOS,46.0,200
102838,2013,12,22,1032.0,morning,188.0,1311.0,1024,167.0,UA,608,N848UA,EWR,TPA,145.0,997
22603,2013,1,27,727.0,morning,-8.0,1013.0,1047,-34.0,B6,341,N659JB,JFK,SRQ,146.0,1041
98109,2013,12,17,841.0,morning,71.0,1131.0,1018,73.0,UA,559,N673UA,EWR,IAH,196.0,1400
210483,2013,5,19,1320.0,afternoon,5.0,1602.0,1616,-14.0,UA,1217,N58101,EWR,LAX,314.0,2454
130237,2013,2,22,1215.0,afternoon,-1.0,1550.0,1555,-5.0,UA,1227,N24211,EWR,PHX,306.0,2133
186118,2013,4,23,851.0,morning,-4.0,1100.0,1109,-9.0,DL,2239,N787NC,EWR,DTW,79.0,488
76166,2013,11,22,1751.0,afternoon,26.0,2040.0,2028,12.0,UA,212,N422UA,EWR,IAH,194.0,1400
83240,2013,12,1,655.0,morning,-5.0,827.0,836,-9.0,UA,331,N833UA,LGA,ORD,116.0,733
316944,2013,9,9,1613.0,afternoon,-1.0,1710.0,1734,-24.0,UA,568,N419UA,EWR,BOS,40.0,200
168336,2013,4,4,1029.0,morning,25.0,1226.0,1220,6.0,DL,2319,N317US,LGA,MSP,147.0,1020
248450,2013,6,28,1910.0,afternoon,154.0,2026.0,1805,141.0,B6,918,N373JB,JFK,BOS,42.0,187
22235,2013,1,26,1441.0,afternoon,-4.0,1735.0,1745,-10.0,B6,153,N638JB,JFK,MCO,141.0,944
177720,2013,4,14,1241.0,afternoon,-8.0,1548.0,1556,-8.0,UA,1681,N37274,LGA,IAH,223.0,1416
162436,2013,3,28,2355.0,evening,0.0,337.0,340,-3.0,B6,739,N760JB,JFK,PSE,196.0,1617
319620,2013,9,12,1237.0,morning,38.0,1347.0,1259,48.0,B6,1191,N187JB,JFK,ACK,47.0,199
140031,2013,3,5,810.0,morning,-5.0,1031.0,1045,-14.0,DL,914,N370NW,LGA,DEN,229.0,1620
189600,2013,4,26,1859.0,evening,59.0,2244.0,2136,68.0,UA,1127,N17233,EWR,SFO,338.0,2565
232320,2013,6,11,2122.0,evening,26.0,2215.0,2223,-8.0,UA,1116,N77525,EWR,BOS,37.0,200
294193,2013,8,15,1929.0,evening,-1.0,2208.0,2232,-24.0,DL,1435,N975DL,LGA,TPA,142.0,1010
202694,2013,5,10,1919.0,evening,79.0,2112.0,1938,94.0,UA,691,N834UA,LGA,ORD,143.0,733
67390,2013,11,13,1327.0,afternoon,27.0,1435.0,1428,7.0,UA,1734,N18119,EWR,ORD,108.0,719
229586,2013,6,9,717.0,morning,17.0,948.0,1010,-22.0,DL,763,N195DN,JFK,LAX,309.0,2475
269906,2013,7,21,1829.0,evening,-1.0,2217.0,2155,22.0,UA,389,N502UA,JFK,SFO,342.0,2586
289528,2013,8,11,749.0,morning,-11.0,1010.0,1016,-6.0,DL,2457,N325NB,LGA,MSY,167.0,1183
186859,2013,4,24,37.0,evening,107.0,141.0,2358,103.0,B6,1018,N821JB,JFK,BOS,42.0,187
206891,2013,5,15,1356.0,afternoon,-5.0,1500.0,1515,-15.0,B6,1002,N247JB,JFK,BOS,42.0,187
287623,2013,8,9,518.0,morning,3.0,725.0,725,0.0,UA,1258,N12216,EWR,DEN,225.0,1605
32524,2013,10,6,2208.0,afternoon,323.0,20.0,1912,308.0,DL,2042,N309US,EWR,ATL,107.0,746
247553,2013,6,27,2029.0,evening,94.0,42.0,2216,146.0,B6,669,N571JB,JFK,SJC,362.0,2569
323022,2013,9,16,913.0,morning,-2.0,1144.0,1213,-29.0,DL,1885,N321NB,LGA,MCO,132.0,950
307935,2013,8,30,1201.0,afternoon,-4.0,1410.0,1451,-41.0,UA,1421,N76517,EWR,IAH,175.0,1400
188825,2013,4,26,553.0,morning,-7.0,651.0,704,-13.0,B6,1002,N804JB,JFK,BOS,34.0,187
328938,2013,9,22,1622.0,afternoon,-3.0,1836.0,1756,40.0,DL,402,N315NB,JFK,BOS,36.0,187
47464,2013,10,22,2058.0,evening,-1.0,55.0,58,-3.0,DL,347,N3750D,JFK,SJU,199.0,1598
100999,2013,12,20,840.0,morning,-2.0,1144.0,1141,3.0,B6,1025,N715JB,JFK,TPA,146.0,1005
55126,2013,10,31,757.0,morning,-3.0,935.0,929,6.0,UA,1177,N71411,EWR,ORD,118.0,719
148571,2013,3,14,855.0,morning,-5.0,1117.0,1135,-18.0,UA,1643,N67134,EWR,DEN,217.0,1605
194290,2013,5,1,2000.0,evening,20.0,2306.0,2252,14.0,DL,1854,N931DL,LGA,FLL,143.0,1076
1494,2013,1,2,1708.0,afternoon,8.0,2035.0,2028,7.0,UA,1259,N24633,LGA,IAH,238.0,1416
114227,2013,2,4,1459.0,afternoon,-1.0,1626.0,1639,-13.0,UA,685,N461UA,LGA,ORD,129.0,733
163896,2013,3,30,1541.0,afternoon,-4.0,1904.0,1919,-15.0,DL,1773,N645DL,JFK,SLC,291.0,1990
170937,2013,4,7,855.0,morning,-5.0,1108.0,1129,-21.0,DL,485,N303DQ,EWR,ATL,113.0,746
33395,2013,10,7,2132.0,evening,152.0,15.0,2151,144.0,B6,883,N583JB,JFK,MCO,135.0,944
280151,2013,8,1,930.0,morning,-5.0,1246.0,1221,25.0,B6,223,N821JB,JFK,LAX,313.0,2475
122320,2013,2,13,1726.0,afternoon,0.0,2021.0,2048,-27.0,UA,1593,N14250,EWR,PDX,328.0,2434
86857,2013,12,4,1804.0,evening,-12.0,1935.0,2008,-33.0,UA,1053,N14731,EWR,CLE,63.0,404
322014,2013,9,15,843.0,morning,-4.0,1152.0,1151,1.0,UA,1735,N77518,EWR,LAX,321.0,2454
331654,2013,9,25,1257.0,afternoon,-3.0,1416.0,1430,-14.0,UA,1734,N26123,EWR,ORD,113.0,719
121878,2013,2,13,907.0,morning,-3.0,1108.0,1055,13.0,B6,1103,N197JB,JFK,RDU,92.0,427
288648,2013,8,10,626.0,morning,-4.0,918.0,924,-6.0,B6,929,N595JB,JFK,RSW,152.0,1074
307230,2013,8,29,1634.0,afternoon,-1.0,1904.0,1938,-34.0,B6,89,N584JB,JFK,SAN,291.0,2446
211536,2013,5,20,1452.0,afternoon,8.0,1836.0,1844,-8.0,B6,705,N659JB,JFK,SJU,194.0,1598
21341,2013,1,25,1254.0,afternoon,-5.0,1428.0,1436,-8.0,UA,1249,N14121,EWR,ORD,121.0,719
272460,2013,7,24,1048.0,morning,-1.0,1304.0,1308,-4.0,UA,454,N509UA,EWR,LAS,296.0,2227
171333,2013,4,7,1619.0,afternoon,4.0,1826.0,1832,-6.0,DL,1619,N365NW,LGA,MSP,170.0,1020
265385,2013,7,16,2258.0,evening,13.0,16.0,2359,17.0,B6,1816,N238JB,JFK,SYR,39.0,209
124626,2013,2,16,833.0,morning,4.0,1147.0,1205,-18.0,UA,1480,N58101,EWR,SFO,335.0,2565
103251,2013,12,22,1829.0,evening,-1.0,2210.0,2205,5.0,B6,669,N598JB,JFK,SJC,350.0,2569
46501,2013,10,21,2103.0,evening,4.0,41.0,58,-17.0,DL,347,N3759,JFK,SJU,196.0,1598
257724,2013,7,9,649.0,morning,-6.0,1105.0,1101,4.0,DL,315,N663DN,JFK,SJU,225.0,1598
158674,2013,3,25,758.0,morning,-2.0,1011.0,1004,7.0,B6,1273,N283JB,JFK,CHS,109.0,636
336249,2013,9,30,1315.0,afternoon,-5.0,1552.0,1625,-33.0,UA,436,N477UA,EWR,FLL,141.0,1065
163156,2013,3,29,1737.0,afternoon,7.0,2026.0,2028,-2.0,UA,1178,N17133,EWR,IAH,206.0,1400
259053,2013,7,10,1156.0,morning,23.0,1502.0,1451,11.0,UA,1201,N37434,EWR,SFO,341.0,2565
27755,2013,10,1,1754.0,evening,-6.0,2102.0,2103,-1.0,B6,263,N599JB,JFK,SEA,338.0,2422
138710,2013,3,3,1913.0,evening,5.0,2207.0,2214,-7.0,UA,1637,N45440,EWR,TPA,132.0,997
312268,2013,9,4,1342.0,afternoon,-3.0,1609.0,1633,-24.0,B6,581,N615JB,JFK,HOU,184.0,1428
61204,2013,11,6,1829.0,evening,-1.0,2101.0,2110,-9.0,DL,87,N3736C,JFK,ATL,112.0,760
139666,2013,3,4,1845.0,evening,0.0,2204.0,2210,-6.0,B6,171,N568JB,JFK,SMF,341.0,2521
142151,2013,3,7,1250.0,morning,95.0,1539.0,1424,75.0,B6,673,N641JB,JFK,LAX,332.0,2475
282638,2013,8,3,2115.0,evening,-1.0,2244.0,2249,-5.0,B6,702,N318JB,JFK,BUF,57.0,301
283988,2013,8,5,1138.0,morning,-7.0,1345.0,1359,-14.0,DL,401,N308DE,EWR,ATL,108.0,746
147563,2013,3,13,827.0,morning,-3.0,1102.0,1108,-6.0,DL,269,N933DL,JFK,ATL,130.0,760
75675,2013,11,22,910.0,morning,-5.0,1230.0,1235,-5.0,DL,874,N365NB,LGA,MIA,155.0,1096
207681,2013,5,16,958.0,morning,-2.0,1326.0,1329,-3.0,DL,1765,N702TW,JFK,SFO,349.0,2586
148952,2013,3,14,1559.0,afternoon,-1.0,1822.0,1847,-25.0,DL,1387,N3732J,JFK,DEN,224.0,1626
165417,2013,4,1,1110.0,morning,-5.0,1421.0,1416,5.0,DL,1875,N324US,LGA,TPA,151.0,1010
123201,2013,2,14,1636.0,afternoon,-4.0,1812.0,1820,-8.0,UA,530,N833UA,EWR,CLE,72.0,404
323643,2013,9,16,1945.0,evening,10.0,2226.0,2229,-3.0,B6,225,N556JB,JFK,TPA,136.0,1005
253489,2013,7,4,816.0,morning,0.0,1059.0,1111,-12.0,UA,1401,N37434,EWR,MIA,146.0,1085
258482,2013,7,9,2009.0,evening,2.0,22.0,2359,23.0,UA,1244,N39463,EWR,SJU,206.0,1608
288256,2013,8,9,1717.0,afternoon,17.0,1940.0,1912,28.0,B6,1119,N183JB,JFK,CLT,114.0,541
144129,2013,3,9,1355.0,afternoon,-4.0,1700.0,1724,-24.0,UA,257,N532UA,JFK,SFO,333.0,2586
172922,2013,4,9,949.0,morning,4.0,1122.0,1124,-2.0,B6,885,N283JB,JFK,RDU,65.0,427
139603,2013,3,4,1732.0,afternoon,2.0,2026.0,2028,-2.0,UA,1712,N12109,EWR,IAH,193.0,1400
288423,2013,8,9,2014.0,evening,74.0,2245.0,2143,62.0,DL,2454,N3746H,JFK,DEN,218.0,1626
35778,2013,10,10,1019.0,morning,-1.0,1256.0,1310,-14.0,B6,925,N827JB,JFK,TPA,138.0,1005
296084,2013,8,17,2122.0,evening,-1.0,2350.0,2359,-9.0,UA,265,N486UA,EWR,IAH,187.0,1400
38406,2013,10,13,1059.0,morning,-6.0,1325.0,1357,-32.0,DL,695,N974DL,JFK,MCO,122.0,944
65245,2013,11,11,945.0,morning,-2.0,1416.0,1430,-14.0,B6,403,N594JB,JFK,SJU,188.0,1598
229361,2013,6,8,1811.0,evening,-7.0,2101.0,2120,-19.0,B6,35,N665JB,JFK,PBI,147.0,1028
117596,2013,2,8,916.0,morning,26.0,1249.0,1148,61.0,B6,59,N618JB,JFK,TPA,148.0,1005
14914,2013,1,17,2246.0,evening,-4.0,3.0,7,-4.0,B6,30,N348JB,JFK,ROC,57.0,264
19998,2013,1,23,2249.0,evening,4.0,2352.0,2357,-5.0,B6,128,N712JB,JFK,BTV,48.0,266
116315,2013,2,6,1909.0,evening,10.0,2230.0,2246,-16.0,B6,179,N506JB,JFK,PHX,298.0,2153
279669,2013,7,31,1832.0,evening,-3.0,2022.0,2046,-24.0,DL,2019,N341NW,LGA,MSP,141.0,1020
194817,2013,5,2,1305.0,afternoon,-4.0,1412.0,1424,-12.0,B6,604,N258JB,JFK,PWM,48.0,273
262363,2013,7,13,1940.0,evening,0.0,2300.0,2255,5.0,B6,161,N760JB,JFK,SMF,310.0,2521
4660,2013,1,6,1256.0,afternoon,4.0,1610.0,1555,15.0,B6,85,N807JB,JFK,FLL,176.0,1069
19829,2013,1,23,1819.0,evening,19.0,1915.0,1915,0.0,B6,1016,N197JB,JFK,BOS,43.0,187
99708,2013,12,18,1944.0,evening,29.0,2305.0,2219,46.0,DL,2159,N907DE,JFK,MCO,130.0,944
182586,2013,4,19,1107.0,morning,-8.0,1352.0,1406,-14.0,DL,695,N907DE,JFK,MCO,133.0,944
330134,2013,9,23,1930.0,evening,-5.0,2230.0,2242,-12.0,UA,208,N812UA,EWR,SEA,312.0,2402
151581,2013,3,17,1533.0,afternoon,3.0,1933.0,1922,11.0,DL,1322,N727TW,JFK,SFO,367.0,2586
280200,2013,8,1,1026.0,morning,-2.0,1406.0,1339,27.0,UA,1150,N37471,EWR,SFO,337.0,2565
176078,2013,4,12,1454.0,afternoon,-5.0,1836.0,1801,35.0,B6,153,N537JB,JFK,MCO,146.0,944
245396,2013,6,25,1707.0,afternoon,77.0,1954.0,1900,54.0,UA,1151,N79402,EWR,SEA,320.0,2402
228404,2013,6,7,1726.0,afternoon,0.0,1930.0,2009,-39.0,UA,1472,N38451,EWR,LAS,278.0,2227
131817,2013,2,24,1046.0,morning,-6.0,1154.0,1223,-29.0,UA,701,N414UA,EWR,ORD,111.0,719
317678,2013,9,10,1210.0,afternoon,-5.0,1455.0,1509,-14.0,DL,1685,N327NW,LGA,MCO,124.0,950
121084,2013,2,12,1123.0,morning,-7.0,1417.0,1445,-28.0,UA,703,N510UA,JFK,LAX,325.0,2475
186585,2013,4,23,1803.0,afternoon,33.0,1918.0,1850,28.0,DL,2383,N356NW,LGA,PWM,44.0,269
315236,2013,9,7,1705.0,afternoon,-10.0,1807.0,1830,-23.0,B6,2580,N323JB,EWR,BOS,43.0,200
179233,2013,4,15,2108.0,evening,23.0,3.0,2353,10.0,B6,629,N249JB,JFK,HOU,201.0,1428
263723,2013,7,15,1028.0,morning,-2.0,1233.0,1240,-7.0,DL,2343,N357NW,EWR,ATL,94.0,746
80189,2013,11,27,835.0,morning,-1.0,958.0,953,5.0,B6,2280,N304JB,EWR,BOS,49.0,200
95802,2013,12,14,1604.0,afternoon,-6.0,1750.0,1743,7.0,UA,1177,N37456,EWR,ORD,122.0,719
145930,2013,3,11,1430.0,afternoon,8.0,1708.0,1715,-7.0,UA,1166,N14118,EWR,TPA,143.0,997
63587,2013,11,9,951.0,morning,-14.0,1203.0,1218,-15.0,DL,351,N902DE,LGA,MSP,159.0,1020
301325,2013,8,23,1049.0,morning,-6.0,1336.0,1358,-22.0,B6,971,N665JB,LGA,FLL,145.0,1076
223729,2013,6,2,2157.0,evening,148.0,2316.0,2107,129.0,UA,1265,N34282,EWR,ORD,108.0,719
124874,2013,2,16,1433.0,afternoon,-7.0,1539.0,1551,-12.0,B6,1010,N353JB,JFK,BOS,33.0,187
300288,2013,8,22,958.0,morning,-1.0,1325.0,1237,48.0,B6,483,N644JB,JFK,MCO,133.0,944
279373,2013,7,31,1415.0,afternoon,16.0,1637.0,1632,5.0,DL,2247,N914DN,LGA,ATL,113.0,762
126244,2013,2,18,831.0,morning,92.0,1113.0,938,95.0,DL,1547,N667DN,LGA,ATL,111.0,762
168135,2013,4,4,705.0,morning,5.0,1027.0,1009,18.0,DL,2003,N911DE,LGA,MIA,159.0,1096
104063,2013,12,23,1545.0,afternoon,1.0,1843.0,1822,21.0,DL,1705,N340NB,LGA,MSY,192.0,1183
124201,2013,2,15,1718.0,afternoon,-2.0,2121.0,2033,48.0,DL,1779,N337NW,LGA,FLL,209.0,1076
102902,2013,12,22,1159.0,afternoon,-1.0,1525.0,1535,-10.0,UA,766,N597UA,JFK,SFO,361.0,2586
64219,2013,11,10,828.0,morning,-2.0,1202.0,1152,10.0,UA,443,N589UA,JFK,LAX,343.0,2475
43484,2013,10,18,1443.0,afternoon,-2.0,1749.0,1758,-9.0,UA,841,N595UA,JFK,LAX,341.0,2475
216491,2013,5,25,1802.0,afternoon,17.0,2029.0,2045,-16.0,DL,2370,N376NW,LGA,PBI,129.0,1035
277352,2013,7,29,1355.0,afternoon,-4.0,1652.0,1632,20.0,DL,2247,N121DE,LGA,ATL,103.0,762
278477,2013,7,30,1545.0,afternoon,0.0,1943.0,2005,-22.0,DL,4,N396DA,JFK,SJU,196.0,1598
150311,2013,3,16,57.0,evening,132.0,201.0,2356,125.0,B6,128,N239JB,JFK,BTV,47.0,266
327933,2013,9,21,1110.0,morning,-5.0,1405.0,1405,0.0,DL,1275,N3742C,JFK,SLC,265.0,1990
315073,2013,9,7,1357.0,afternoon,-2.0,1620.0,1703,-43.0,B6,213,N506JB,JFK,LGB,300.0,2465
276349,2013,7,28,1254.0,afternoon,-1.0,1550.0,1541,9.0,UA,1692,N14121,EWR,MCO,155.0,937
309736,2013,9,1,1725.0,afternoon,-6.0,1841.0,1849,-8.0,B6,2580,N193JB,EWR,BOS,42.0,200
41270,2013,10,16,955.0,morning,-5.0,1118.0,1128,-10.0,UA,299,N816UA,EWR,ORD,120.0,719
75592,2013,11,22,804.0,morning,1.0,1055.0,1032,23.0,UA,561,N530UA,LGA,DEN,259.0,1620
235669,2013,6,15,1154.0,morning,-5.0,1448.0,1449,-1.0,UA,1656,N54241,EWR,PBI,152.0,1023
63994,2013,11,9,1839.0,evening,-6.0,2131.0,2147,-16.0,DL,2391,N980DL,JFK,TPA,154.0,1005
177543,2013,4,14,854.0,morning,-6.0,1158.0,1216,-18.0,DL,515,N316NB,LGA,MIA,169.0,1096
206551,2013,5,15,740.0,morning,-4.0,1016.0,1046,-30.0,UA,1701,N27239,EWR,FLL,139.0,1065
133872,2013,2,26,1425.0,afternoon,-1.0,1558.0,1636,-38.0,DL,1819,N339NW,LGA,MSP,134.0,1020
50951,2013,10,26,1625.0,afternoon,0.0,1737.0,1740,-3.0,UA,215,N503UA,EWR,BOS,39.0,200
254237,2013,7,5,849.0,morning,-4.0,1152.0,1212,-20.0,B6,15,N789JB,JFK,SFO,328.0,2586
124705,2013,2,16,957.0,morning,-3.0,1211.0,1241,-30.0,DL,1899,N365NB,LGA,MSY,174.0,1183
227979,2013,6,7,853.0,morning,-6.0,1129.0,1138,-9.0,DL,1747,N332NW,LGA,ATL,111.0,762
163883,2013,3,30,1525.0,afternoon,-5.0,1906.0,1916,-10.0,DL,1565,N723TW,JFK,SFO,359.0,2586
2503,2013,1,3,1830.0,evening,0.0,2141.0,2148,-7.0,UA,1030,N35204,EWR,LAX,313.0,2454
52658,2013,10,28,1548.0,afternoon,-7.0,1805.0,1828,-23.0,DL,1705,N341NW,LGA,MSY,159.0,1183
33075,2013,10,7,1502.0,afternoon,63.0,1658.0,1523,95.0,B6,2402,N337JB,JFK,BUF,55.0,301
212681,2013,5,21,1730.0,afternoon,0.0,1858.0,1904,-6.0,B6,38,N229JB,JFK,ROC,47.0,264
149660,2013,3,15,1058.0,morning,-8.0,1406.0,1431,-25.0,UA,642,N510UA,JFK,SFO,353.0,2586
249244,2013,6,29,1625.0,afternoon,90.0,1842.0,1710,92.0,DL,127,N369NB,JFK,DTW,85.0,509
182022,2013,4,18,1915.0,evening,75.0,2049.0,1937,72.0,UA,1657,N77520,LGA,ORD,118.0,733
300610,2013,8,22,1634.0,afternoon,51.0,1930.0,1909,21.0,DL,31,N386DA,JFK,SLC,260.0,1990
3554,2013,1,4,2048.0,evening,96.0,2332.0,2237,55.0,B6,87,N570JB,JFK,SLC,266.0,1990
333978,2013,9,27,1816.0,evening,-4.0,2057.0,2124,-27.0,B6,1013,N708JB,JFK,LGB,322.0,2465
185060,2013,4,22,751.0,morning,6.0,1136.0,1055,41.0,UA,1701,N76516,EWR,FLL,177.0,1065
329221,2013,9,22,2104.0,evening,42.0,2313.0,2246,27.0,B6,135,N618JB,JFK,PHX,284.0,2153
196438,2013,5,4,750.0,morning,-6.0,936.0,931,5.0,B6,1103,N351JB,JFK,RDU,71.0,427
191803,2013,4,29,1051.0,morning,-5.0,1338.0,1339,-1.0,B6,1183,N583JB,JFK,MCO,138.0,944
60358,2013,11,5,2038.0,evening,28.0,2153.0,2122,31.0,B6,418,N296JB,JFK,BOS,39.0,187
37827,2013,10,12,1353.0,afternoon,-7.0,1602.0,1634,-32.0,DL,2247,N918DE,LGA,ATL,100.0,762
295539,2013,8,17,909.0,morning,-6.0,1017.0,1036,-19.0,DL,867,N365NB,JFK,BOS,35.0,187
191642,2013,4,29,809.0,morning,-6.0,1037.0,1045,-8.0,DL,914,N371NW,LGA,DEN,220.0,1620
152510,2013,3,18,1441.0,afternoon,-4.0,1754.0,1801,-7.0,DL,1531,N316NB,LGA,RSW,169.0,1080
241833,2013,6,21,1858.0,evening,-2.0,2142.0,2226,-44.0,DL,2007,N3759,JFK,PDX,315.0,2454
170694,2013,4,6,1954.0,evening,39.0,2258.0,2227,31.0,UA,364,N814UA,EWR,LAX,334.0,2454
169149,2013,4,5,748.0,morning,-1.0,957.0,1020,-23.0,UA,495,N573UA,LGA,DEN,229.0,1620
291859,2013,8,13,1506.0,afternoon,1.0,1814.0,1750,24.0,UA,468,N539UA,EWR,TPA,153.0,997
172907,2013,4,9,926.0,morning,26.0,1205.0,1203,2.0,UA,421,N563UA,EWR,LAX,314.0,2454
59687,2013,11,5,858.0,morning,-2.0,1136.0,1130,6.0,DL,394,N990AT,EWR,ATL,112.0,746
220917,2013,5,30,1713.0,afternoon,-2.0,2028.0,2012,16.0,DL,503,N390DA,JFK,SAN,334.0,2446
3856,2013,1,5,1039.0,morning,-1.0,1316.0,1326,-10.0,B6,31,N568JB,JFK,MCO,141.0,944
332389,2013,9,26,824.0,morning,-5.0,1005.0,1021,-16.0,DL,1157,N345NB,EWR,MSP,139.0,1008
285222,2013,8,6,1556.0,afternoon,-3.0,1717.0,1730,-13.0,B6,1734,N339JB,JFK,BTV,46.0,266
93638,2013,12,12,828.0,morning,-2.0,1032.0,1037,-5.0,DL,2119,N365NW,LGA,MSP,154.0,1020
63662,2013,11,9,1146.0,morning,-5.0,1440.0,1459,-19.0,B6,323,N636JB,JFK,LAX,335.0,2475
185463,2013,4,22,1523.0,afternoon,0.0,1811.0,1819,-8.0,UA,1405,N73291,EWR,MCO,145.0,937
102179,2013,12,21,1353.0,afternoon,-6.0,1559.0,1606,-7.0,B6,1373,N353JB,JFK,CHS,98.0,636
116265,2013,2,6,1815.0,evening,7.0,2102.0,2106,-4.0,UA,1269,N76504,EWR,PBI,140.0,1023
49607,2013,10,25,756.0,morning,-4.0,1055.0,1117,-22.0,DL,2431,N988DL,JFK,MIA,156.0,1089
251579,2013,7,2,800.0,morning,0.0,1054.0,1102,-8.0,DL,1271,N3760C,JFK,FLL,145.0,1069
113582,2013,2,3,1916.0,evening,-2.0,2203.0,2228,-25.0,UA,492,N485UA,EWR,FLL,149.0,1065
148317,2013,3,13,2151.0,evening,13.0,45.0,29,16.0,B6,383,N562JB,LGA,FLL,154.0,1076
260564,2013,7,11,2213.0,evening,72.0,153.0,100,53.0,B6,1103,N789JB,JFK,SJU,193.0,1598
221279,2013,5,31,627.0,morning,-3.0,740.0,800,-20.0,B6,905,N274JB,JFK,ORD,117.0,740
167284,2013,4,3,913.0,morning,2.0,1215.0,1223,-8.0,UA,45,N77430,EWR,MIA,155.0,1085
239893,2013,6,19,1939.0,evening,4.0,2303.0,2302,1.0,DL,87,N666DN,JFK,SLC,273.0,1990
31314,2013,10,5,1359.0,afternoon,0.0,1452.0,1511,-19.0,B6,118,N334JB,JFK,BOS,32.0,187
50380,2013,10,25,2050.0,evening,-4.0,2343.0,2359,-16.0,B6,523,N644JB,JFK,LAX,324.0,2475
62762,2013,11,8,1157.0,afternoon,-3.0,1427.0,1437,-10.0,DL,1947,N950DL,LGA,ATL,118.0,762
274520,2013,7,26,1154.0,afternoon,-6.0,1449.0,1436,13.0,DL,1947,N615DL,LGA,ATL,117.0,762
164795,2013,3,31,1709.0,afternoon,5.0,1928.0,1929,-1.0,UA,1148,N38443,EWR,DEN,236.0,1605
240066,2013,6,20,607.0,morning,-3.0,803.0,808,-5.0,DL,1919,N360NW,LGA,MSP,152.0,1020
80073,2013,11,27,656.0,morning,-4.0,1037.0,1002,35.0,DL,1879,N326NB,LGA,FLL,187.0,1076
248423,2013,6,28,1829.0,evening,24.0,2118.0,2040,38.0,DL,73,N3734B,JFK,ATL,118.0,760
184928,2013,4,22,552.0,morning,-8.0,921.0,854,27.0,B6,501,N651JB,JFK,FLL,180.0,1069
278559,2013,7,30,1658.0,afternoon,-2.0,2036.0,2018,18.0,DL,1163,N705TW,JFK,LAX,341.0,2475
226121,2013,6,5,1021.0,morning,0.0,1301.0,1306,-5.0,B6,57,N663JB,JFK,PBI,136.0,1028
16215,2013,1,19,1405.0,afternoon,0.0,1656.0,1705,-9.0,B6,63,N568JB,JFK,TPA,150.0,1005
151814,2013,3,17,1903.0,evening,6.0,2157.0,2157,0.0,DL,2159,N384DA,JFK,MCO,137.0,944
221064,2013,5,30,1928.0,evening,-2.0,2052.0,2117,-25.0,DL,975,N321NB,LGA,PIT,54.0,335
83840,2013,12,1,1708.0,afternoon,8.0,1950.0,2007,-17.0,UA,1259,N26226,LGA,IAH,202.0,1416
104975,2013,12,24,1540.0,afternoon,40.0,1830.0,1754,36.0,UA,488,N561UA,EWR,IAH,203.0,1400
233607,2013,6,13,853.0,morning,-7.0,1124.0,1156,-32.0,DL,120,N722TW,JFK,LAX,308.0,2475
275520,2013,7,27,1321.0,afternoon,40.0,1552.0,1518,34.0,B6,927,N559JB,EWR,MCO,126.0,937
79022,2013,11,26,556.0,morning,-4.0,726.0,736,-10.0,UA,219,N446UA,LGA,ORD,136.0,733
121294,2013,2,12,1541.0,afternoon,-4.0,1820.0,1815,5.0,DL,1942,N357NB,EWR,ATL,137.0,746
1395,2013,1,2,1533.0,afternoon,13.0,1824.0,1815,9.0,UA,289,N479UA,EWR,MCO,150.0,937
16202,2013,1,19,1340.0,afternoon,-5.0,1634.0,1641,-7.0,B6,1783,N607JB,JFK,MCO,142.0,944
139572,2013,3,4,1714.0,afternoon,4.0,2036.0,2020,16.0,UA,1259,N24729,LGA,IAH,206.0,1416
302611,2013,8,24,1811.0,evening,-4.0,2100.0,2136,-36.0,DL,17,N198DN,JFK,LAX,310.0,2475
255593,2013,7,6,1920.0,evening,10.0,2048.0,2101,-13.0,UA,1734,N27733,EWR,ORD,107.0,719
189846,2013,4,27,632.0,morning,-5.0,846.0,915,-29.0,UA,669,N549UA,EWR,LAS,287.0,2227
11260,2013,1,13,2345.0,evening,55.0,100.0,7,53.0,B6,30,N266JB,JFK,ROC,49.0,264
64672,2013,11,10,1649.0,afternoon,39.0,1931.0,1918,13.0,UA,1242,N76529,EWR,FLL,149.0,1065
245367,2013,6,25,1625.0,afternoon,56.0,1944.0,1821,83.0,B6,573,N629JB,EWR,TPA,137.0,997
6327,2013,1,8,900.0,morning,0.0,1223.0,1227,-4.0,DL,120,N713TW,JFK,LAX,343.0,2475
89165,2013,12,7,830.0,morning,-2.0,1130.0,1129,1.0,B6,27,N643JB,EWR,MCO,139.0,937
88523,2013,12,6,1427.0,afternoon,-2.0,1728.0,1737,-9.0,B6,301,N558JB,JFK,FLL,149.0,1069
66727,2013,11,12,1818.0,afternoon,23.0,2216.0,2114,62.0,DL,656,N332NB,LGA,RSW,171.0,1080
23987,2013,1,28,1726.0,afternoon,-4.0,2002.0,2023,-21.0,UA,1637,N76288,EWR,TPA,138.0,997
21954,2013,1,26,757.0,morning,-3.0,1124.0,1124,0.0,DL,2143,N364NW,JFK,MIA,152.0,1089
257164,2013,7,8,1500.0,afternoon,5.0,1608.0,1630,-22.0,DL,1164,N705TW,JFK,BOS,32.0,187
18842,2013,1,22,1656.0,afternoon,-4.0,2020.0,2006,14.0,B6,509,N641JB,EWR,FLL,178.0,1065
289207,2013,8,10,1722.0,afternoon,-3.0,2009.0,2022,-13.0,DL,479,N374DA,EWR,SLC,262.0,1969
168649,2013,4,4,1603.0,afternoon,-2.0,1938.0,1939,-1.0,DL,1508,N912DE,JFK,RSW,173.0,1074
25718,2013,1,30,1649.0,afternoon,19.0,1939.0,1925,14.0,UA,551,N668UA,EWR,IAH,209.0,1400
139932,2013,3,5,642.0,morning,-1.0,901.0,906,-5.0,UA,311,N448UA,EWR,DEN,221.0,1605
16944,2013,1,20,1502.0,afternoon,3.0,1802.0,1807,-5.0,UA,1601,N38459,EWR,FLL,158.0,1065
225016,2013,6,4,758.0,morning,-9.0,1039.0,1100,-21.0,UA,518,N468UA,EWR,DFW,189.0,1372
289556,2013,8,11,811.0,morning,-4.0,1026.0,1035,-9.0,DL,1429,N6710E,JFK,LAS,295.0,2248
264393,2013,7,15,2321.0,evening,50.0,303.0,226,37.0,B6,1203,N597JB,JFK,SJU,198.0,1598
78817,2013,11,25,1828.0,evening,-2.0,2135.0,2205,-30.0,B6,669,N559JB,JFK,SJC,349.0,2569
282079,2013,8,3,919.0,morning,19.0,1205.0,1156,9.0,DL,120,N710TW,JFK,LAX,314.0,2475
102474,2013,12,21,1930.0,afternoon,136.0,2208.0,1950,138.0,UA,1064,N17244,EWR,DEN,236.0,1605
235443,2013,6,15,723.0,morning,-7.0,1016.0,1031,-15.0,DL,1771,N711ZX,JFK,SEA,332.0,2422
143139,2013,3,8,1431.0,morning,211.0,1717.0,1414,183.0,DL,930,N976DL,LGA,FLL,137.0,1076
258662,2013,7,10,133.0,evening,453.0,455.0,2130,445.0,B6,415,N641JB,JFK,SFO,345.0,2586
6418,2013,1,8,1107.0,morning,-3.0,1205.0,1221,-16.0,B6,24,N198JB,JFK,BTV,44.0,266
